x,y
<<<<<<< HEAD
-1902.39339047,0.0010755688
-1900.81988352566,0.0031568788
-1899.24637658132,0.0043484876
-1897.6728696369798,0.006985697
-1896.09936269264,0.0025291631
-1894.5258557483,0.0071166437
-1892.95234880396,0.0067211967
-1891.37884185962,0.009695267
-1889.80533491528,0.007604194
-1888.23182797094,0.007699673
-1886.6583210265999,0.008379676
-1885.08481408226,0.00967667
-1883.51130713792,0.008468049
-1881.93780019358,0.010954674
-1880.3642932492398,0.008868859
-1878.7907863049,0.0062287636
-1877.21727936056,0.011286439
-1875.6437724162201,0.008688118
-1874.07026547188,0.008051601
-1872.49675852754,0.0065397546
-1870.9232515832,0.006067384
-1869.34974463886,0.008515989
-1867.77623769452,0.005416787
-1866.20273075018,0.0047026062
-1864.62922380584,0.0071044425
-1863.0557168614998,0.0044869534
-1861.48220991716,0.0058358023
-1859.90870297282,0.009038415
-1858.3351960284801,0.010667539
-1856.7616890841398,0.008284964
-1855.1881821398,0.0017152687
-1853.61467519546,0.0054995697
-1852.04116825112,0.0074652736
-1850.46766130678,0.006843822
-1848.8941543624398,0.005008698
-1847.3206474181,0.0035944746
-1845.74714047376,0.007009099
-1844.17363352942,0.009452182
-1842.60012658508,0.011902369
-1841.0266196407401,0.009296403
-1839.4531126964,0.007278734
-1837.87960575206,0.0069967643
-1836.30609880772,0.0063117286
-1834.73259186338,0.008758358
-1833.1590849190402,0.011759111
-1831.5855779746998,0.010946512
-1830.01207103036,0.007919572
-1828.43856408602,0.0064557884
-1826.86505714168,0.010387635
-1825.29155019734,0.009431587
-1823.718043253,0.002741037
-1822.14453630866,0.0031136102
-1820.5710293643199,0.011043914
-1818.99752241998,0.00871626
-1817.42401547564,0.0064492202
-1815.8505085313,0.0076051406
-1814.2770015869598,0.004810312
-1812.70349464262,0.01007747
-1811.12998769828,0.005119398
-1809.5564807539401,0.0074288542
-1807.9829738095998,0.007390714
-1806.40946686526,0.010359341
-1804.83595992092,0.0044700573
-1803.26245297658,0.0063608447
-1801.68894603224,0.007485007
-1800.1154390878999,0.011379786
-1798.54193214356,0.011905903
-1796.96842519922,0.010039226
-1795.39491825488,0.008235297
-1793.82141131054,0.0073333415
-1792.2479043662001,0.0061940625
-1790.6743974218598,0.006112303
-1789.10089047752,0.0057472587
-1787.52738353318,0.007006655
-1785.95387658884,0.0073775225
-1784.3803696445,0.001760912
-1782.8068627001599,0.009173973
-1781.23335575582,0.010737506
-1779.65984881148,0.0101436
-1778.08634186714,0.009592736
-1776.5128349228,0.00830362
-1774.93932797846,0.008993689
-1773.36582103412,0.010023823
-1771.79231408978,0.007393104
-1770.21880714544,0.0062344256
-1768.6453002011,0.004854894
-1767.0717932567602,0.006620406
-1765.4982863124199,0.010527337
-1763.92477936808,0.005779405
-1762.35127242374,0.0046489155
-1760.7777654794002,0.008540211
-1759.20425853506,0.0059628156
-1757.63075159072,0.0053710085
-1756.05724464638,0.008441829
-1754.48373770204,0.009845583
-1752.9102307577,0.009515301
-1751.33672381336,0.007589043
-1749.76321686902,0.005864183
-1748.1897099246798,0.0076776315
-1746.61620298034,0.004591207
-1745.042696036,0.0074217683
-1743.4691890916602,0.006809855
-1741.8956821473198,0.009695267
-1740.32217520298,0.0073944204
-1738.74866825864,0.008129384
-1737.1751613143,0.0067837336
-1735.60165436996,0.0052346173
-1734.0281474256199,0.004332079
-1732.45464048128,0.010001855
-1730.88113353694,0.009976076
-1729.3076265926,0.0073369946
-1727.73411964826,0.0064708153
-1726.16061270392,0.012964491
-1724.58710575958,0.009745227
-1723.01359881524,0.005222364
-1721.4400918709,0.005814531
-1719.86658492656,0.0027317004
-1718.2930779822198,0.0034780195
-1716.7195710378799,0.004519065
-1715.14606409354,0.0072892597
-1713.5725571492,0.0066302037
-1711.99905020486,0.0070452024
-1710.4255432605198,0.00905864
-1708.85203631618,0.011208994
-1707.27852937184,0.006535393
-1705.7050224275,0.00805891
-1704.13151548316,0.0047433446
-1702.55800853882,0.0068742023
-1700.98450159448,0.0055319555
-1699.4109946501399,0.0059588575
-1697.8374877058,0.006684515
-1696.26398076146,0.005817156
-1694.6904738171202,0.008964473
-1693.1169668727798,0.0007946729
-1691.54345992844,0.0074754106
-1689.9699529841,0.008383412
-1688.3964460397601,0.0054388316
-1686.82293909542,0.008385983
-1685.24943215108,0.008736882
-1683.67592520674,0.008205092
-1682.1024182624,0.007284441
-1680.52891131806,0.008765231
-1678.95540437372,0.011799097
-1677.3818974293802,0.008887941
-1675.8083904850398,0.0054202843
-1674.2348835407,0.0061427127
-1672.66137659636,0.005570335
-1671.0878696520201,0.008701542
-1669.51436270768,0.0071313325
-1667.9408557633399,0.0056476505
-1666.367348819,0.00473475
-1664.79384187466,0.006211519
-1663.22033493032,0.008215284
-1661.64682798598,0.009107642
-1660.07332104164,0.006387794
-1658.4998140973,0.00824598
-1656.92630715296,0.007847292
-1655.35280020862,0.006201997
-1653.77929326428,0.005475307
-1652.20578631994,0.007531915
-1650.6322793755999,0.0058388025
-1649.05877243126,0.0049578175
-1647.48526548692,0.0063933837
-1645.9117585425802,0.0034275467
-1644.3382515982398,0.0064995755
-1642.7647446539,0.0022128657
-1641.19123770956,0.0076100896
-1639.61773076522,0.0095676575
-1638.04422382088,0.010284356
-1636.4707168765399,0.010468739
-1634.8972099322,0.0066033956
-1633.3237029878599,0.0038366737
-1631.75019604352,0.006893236
-1630.17668909918,0.009403571
-1628.60318215484,0.0067001153
-1627.0296752104998,0.0073249084
-1625.45616826616,0.009928087
-1623.88266132182,0.0039364314
-1622.3091543774801,0.0031541546
-1620.7356474331398,0.0034344248
-1619.1621404887999,0.006377601
-1617.58863354446,0.007801847
-1616.01512660012,0.009167152
-1614.44161965578,0.007614819
-1612.8681127114398,0.005904645
-1611.2946057671002,0.005598723
-1609.72109882276,0.006909375
-1608.14759187842,0.0070953616
-1606.57408493408,0.004568882
-1605.0005779897401,0.0050209425
-1603.4270710454,0.011670043
-1601.8535641010599,0.00571281
-1600.28005715672,0.008039348
-1598.70655021238,0.008810736
-1597.13304326804,0.008436869
-1595.5595363237,0.007437624
-1593.98602937936,0.0067312834
-1592.41252243502,0.009112495
-1590.83901549068,0.008519495
-1589.26550854634,0.0060520014
-1587.6920016020001,0.008519111
-1586.11849465766,0.008367562
-1584.5449877133199,0.010070606
-1582.97148076898,0.011360483
-1581.39797382464,0.009090169
-1579.8244668803002,0.012584403
-1578.2509599359598,0.009943974
-1576.67745299162,0.012463813
-1575.10394604728,0.013753997
-1573.5304391029401,0.011280283
-1571.9569321586,0.0107652545
-1570.38342521426,0.009181779
-1568.80991826992,0.011532093
-1567.2364113255799,0.010552021
-1565.66290438124,0.011011754
-1564.0893974369,0.011646913
-1562.51589049256,0.013396981
-1560.9423835482198,0.016402015
-1559.36887660388,0.01624168
-1557.79536965954,0.015141055
-1556.2218627152001,0.013993321
-1554.6483557708598,0.011646468
-1553.0748488265199,0.01288235
-1551.50134188218,0.018519327
-1549.92783493784,0.01218063
-1548.3543279935,0.014420827
-1546.7808210491598,0.01551325
-1545.20731410482,0.017568924
-1543.63380716048,0.015539273
-1542.06030021614,0.012424051
-1540.4867932718,0.012635758
-1538.91328632746,0.01221466
-1537.33977938312,0.009691833
-1535.7662724387799,0.0070611965
-1534.19276549444,0.009574304
-1532.6192585501,0.009484484
-1531.0457516057597,0.007133974
-1529.47224466142,0.0067621884
-1527.89873771708,0.006530655
-1526.32523077274,0.007457849
-1524.7517238284,0.010956287
-1523.17821688406,0.009793066
-1521.6047099397201,0.0075282417
-1520.03120299538,0.010598849
-1518.4576960510399,0.0096483985
-1516.8841891067,0.008234202
-1515.31068216236,0.011919099
-1513.7371752180202,0.009856761
-1512.1636682736798,0.0072493386
-1510.59016132934,0.010194969
-1509.016654385,0.009718497
-1507.4431474406601,0.010047378
-1505.86964049632,0.009284484
-1504.29613355198,0.007770645
-1502.72262660764,0.006390243
-1501.1491196633,0.0100759175
-1499.57561271896,0.010568149
-1498.00210577462,0.0073864223
-1496.42859883028,0.006951861
-1494.8550918859398,0.0075668446
-1493.2815849416,0.005419263
-1491.70807799726,0.009604192
-1490.1345710529201,0.007137057
-1488.5610641085798,0.012739749
-1486.98755716424,0.013280331
-1485.4140502199,0.0057208687
-1483.84054327556,0.0076312353
-1482.26703633122,0.009526866
-1480.6935293868798,0.009320815
-1479.12002244254,0.008780738
-1477.5465154982,0.009471913
-1475.97300855386,0.009125273
-1474.39950160952,0.0061509307
-1472.82599466518,0.005931917
-1471.25248772084,0.0046392987
-1469.6789807764999,0.006303927
-1468.10547383216,0.010751438
-1466.53196688782,0.007932669
-1464.95845994348,0.00851523
-1463.3849529991398,0.007844627
-1461.8114460548,0.0052190754
-1460.23793911046,0.0090013305
-1458.6644321661202,0.0068336935
-1457.0909252217798,0.0051779016
-1455.51741827744,0.0077397786
-1453.9439113331,0.0074214484
-1452.3704043887599,0.005863351
-1450.79689744442,0.007829744
-1449.2233905000799,0.008138107
-1447.6498835557402,0.0072976453
-1446.0763766113998,0.009258184
-1444.50286966706,0.0078023565
-1442.92936272272,0.011228282
-1441.3558557783801,0.01001711
-1439.78234883404,0.010337075
-1438.2088418897,0.009273364
-1436.63533494536,0.0065801507
-1435.06182800102,0.00692342
-1433.48832105668,0.0065890863
-1431.91481411234,0.006407077
-1430.341307168,0.00722205
-1428.76780022366,0.01075976
-1427.19429327932,0.012117589
-1425.62078633498,0.011744676
-1424.0472793906401,0.0005498396
-1422.4737724462998,0.008056132
-1420.90026550196,0.009188934
-1419.32675855762,0.0100421505
-1417.75325161328,0.010861322
-1416.17974466894,0.008726692
-1414.6062377245999,0.005704268
-1413.03273078026,0.0054406775
-1411.45922383592,0.01021772
-1409.88571689158,0.008963622
-1408.31220994724,0.0082488675
-1406.7387030029,0.010011731
-1405.16519605856,0.009766848
-1403.59168911422,0.0069440063
-1402.01818216988,0.010384716
-1400.44467522554,0.0074484088
-1398.8711682812,0.006359555
-1397.2976613368598,0.005122059
-1395.72415439252,0.0049959696
-1394.15064744818,0.007398219
-1392.5771405038402,0.007327339
-1391.0036335594998,0.012218325
-1389.43012661516,0.011258637
-1387.85661967082,0.008444297
-1386.28311272648,0.008000563
-1384.70960578214,0.010332589
-1383.1360988377999,0.007441595
-1381.56259189346,0.0076912283
-1379.9890849491198,0.01180064
-1378.41557800478,0.008504273
-1376.84207106044,0.0046713008
-1375.2685641161,0.0072892997
-1373.69505717176,0.0019276894
-1372.12155022742,0.0031678602
-1370.54804328308,0.008472806
-1368.97453633874,0.01069105
-1367.4010293943998,0.00787084
-1365.82752245006,0.0053564883
-1364.25401550572,0.0038030944
-1362.68050856138,0.004743601
-1361.10700161704,0.008346996
-1359.5334946726998,0.010629905
-1357.9599877283601,0.006261523
-1356.38648078402,0.005697379
-1354.81297383968,0.011863634
-1353.23946689534,0.007515901
-1351.6659599509999,0.00559894
-1350.0924530066602,0.003126128
-1348.5189460623199,0.008230983
-1346.94543911798,0.011333385
-1345.37193217364,0.007191351
-1343.7984252292997,0.0075550876
-1342.22491828496,0.009221148
-1340.65141134062,0.011293924
-1339.07790439628,0.009090284
-1337.50439745194,0.00682078
-1335.9308905075998,0.008115793
-1334.35738356326,0.010197372
-1332.78387661892,0.0028700496
-1331.2103696745799,0.0027093783
-1329.63686273024,0.0051223035
-1328.0633557859,0.0043616826
-1326.4898488415602,0.0067987684
-1324.9163418972198,0.01004714
-1323.34283495288,0.008888676
-1321.76932800854,0.005262506
-1320.1958210642001,0.0042982083
-1318.62231411986,0.008032995
-1317.0488071755199,0.008255669
-1315.47530023118,0.007336975
-1313.90179328684,0.007233637
-1312.3282863425,0.009158314
-1310.75477939816,0.0070295776
-1309.18127245382,0.006307681
-1307.60776550948,0.007942802
-1306.03425856514,0.0066344915
-1304.4607516208,0.004534889
-1302.88724467646,0.0026462823
-1301.3137377321198,0.0051700673
-1299.74023078778,0.00443067
-1298.16672384344,0.004582721
-1296.5932168991,0.00890713
-1295.01970995476,0.0074160164
-1293.4462030104198,0.006433072
-1291.8726960660802,0.011230604
-1290.29918912174,0.008476111
-1288.7256821774,0.008408021
-1287.15217523306,0.009628606
-1285.5786682887199,0.011594669
-1284.0051613443802,0.013064546
-1282.4316544000399,0.004221628
-1280.8581474557,0.007377717
-1279.28464051136,0.005980503
-1277.71113356702,0.003680677
-1276.13762662268,0.006338694
-1274.56411967834,0.0069938893
-1272.990612734,0.008990775
-1271.41710578966,0.006046919
-1269.8435988453198,0.006075619
-1268.27009190098,0.0096998215
-1266.69658495664,0.0070475363
-1265.1230780122999,0.0075826207
-1263.54957106796,0.0076238704
-1261.9760641236198,0.0071112975
-1260.4025571792802,0.010963786
-1258.8290502349398,0.009431768
-1257.2555432906,0.004495272
-1255.68203634626,0.0064606075
-1254.10852940192,0.010186573
-1252.53502245758,0.008499204
-1250.9615155132399,0.0102130845
-1249.3880085689,0.00608883
-1247.81450162456,0.0035223556
-1246.24099468022,0.0036857224
-1244.66748773588,0.008335285
-1243.09398079154,0.0061566294
-1241.5204738472,0.007460066
-1239.94696690286,0.008155402
-1238.37345995852,0.0039751935
-1236.7999530141801,0.01129642
-1235.2264460698398,0.01461033
-1233.6529391254999,0.009669818
-1232.07943218116,0.010237726
-1230.50592523682,0.0092706755
-1228.93241829248,0.008601837
-1227.3589113481398,0.011354836
-1225.7854044038002,0.009404863
-1224.21189745946,0.0032679043
-1222.63839051512,0.006603779
-1221.06488357078,0.0072487914
-1219.49137662644,0.009806181
-1217.9178696821002,0.0071500074
-1216.3443627377599,0.0063239876
-1214.77085579342,0.008665086
-1213.19734884908,0.0064565814
-1211.62384190474,0.0056772875
-1210.0503349604,0.0075797397
-1208.47682801606,0.007512262
-1206.90332107172,0.008716207
-1205.3298141273801,0.010198465
-1203.7563071830398,0.0028682102
-1202.1828002387,0.0045665773
-1200.60929329436,0.006737606
-1199.0357863500199,0.00807408
-1197.46227940568,0.0090456875
-1195.8887724613398,0.009526426
-1194.3152655170002,0.005543184
-1192.7417585726598,0.0060306466
-1191.16825162832,0.0064585786
-1189.59474468398,0.0093381815
-1188.02123773964,0.0059224977
-1186.4477307953,0.0056485035
-1184.8742238509599,0.005353732
-1183.30071690662,0.0070034163
-1181.72720996228,0.009206434
-1180.1537030179397,0.007548287
-1178.5801960736,0.009369787
-1177.00668912926,0.008836641
-1175.43318218492,0.010455615
-1173.85967524058,0.0075146784
-1172.2861682962398,0.006639486
-1170.7126613519001,0.008959388
-1169.13915440756,0.007656531
-1167.5656474632199,0.010684348
-1165.99214051888,0.012514166
-1164.41863357454,0.009120728
-1162.8451266302002,0.008290755
-1161.2716196858598,0.0073408596
-1159.69811274152,0.0030292273
-1158.12460579718,0.004822461
-1156.55109885284,0.006144265
-1154.9775919085,0.006955576
-1153.40408496416,0.0069118906
-1151.83057801982,0.0054551163
-1150.2570710754799,0.004527128
-1148.68356413114,0.0043854895
-1147.1100571868,0.0053397347
-1145.53655024246,0.002054509
-1143.96304329812,0.0005294613
-1142.38953635378,0.006860955
-1140.81602940944,0.009825173
-1139.2425224651001,0.0069518522
-1137.6690155207598,0.0076348837
-1136.0955085764201,0.0050095995
-1134.52200163208,0.0051796823
-1132.94849468774,0.00540361
-1131.3749877434,0.008408658
-1129.8014807990598,0.0056897034
-1128.2279738547202,0.0053953086
-1126.65446691038,0.008778602
-1125.08095996604,0.007131598
-1123.5074530217,0.006709637
-1121.93394607736,0.009648612
-1120.36043913302,0.0050380547
-1118.7869321886799,0.0074448725
-1117.21342524434,0.009455222
-1115.6399183,0.006588298
-1114.0664113556597,0.0062796515
-1112.49290441132,0.009636645
-1110.91939746698,0.0039906483
-1109.34589052264,0.006097814
-1107.7723835783,0.008956962
-1106.1988766339598,0.009181748
-1104.6253696896201,0.008894078
-1103.05186274528,0.0063254507
-1101.4783558009399,0.006064548
-1099.9048488566,0.00958685
-1098.3313419122599,0.011182861
-1096.7578349679202,0.008589465
-1095.1843280235798,0.0068797776
-1093.61082107924,0.0063390667
-1092.0373141349,0.0059943334
-1090.4638071905597,0.0028744368
-1088.89030024622,0.0033871382
-1087.31679330188,0.00470508
-1085.74328635754,0.0075541735
-1084.1697794131999,0.0066098743
-1082.59627246886,0.0032716608
-1081.02276552452,0.0039126864
-1079.44925858018,0.0070658806
-1077.8757516358398,0.006767731
-1076.3022446915,0.006130922
-1074.72873774716,0.007432049
-1073.1552308028201,0.0067746127
-1071.5817238584798,0.002128946
-1070.00821691414,0.0029379984
-1068.4347099698,0.0039722794
-1066.86120302546,0.0045088204
-1065.28769608112,0.006471003
-1063.7141891367799,0.007377309
-1062.1406821924402,0.0026965968
-1060.5671752481,0.0075646588
-1058.99366830376,0.009008344
-1057.42016135942,0.008749084
-1055.84665441508,0.007683093
-1054.2731474707402,0.00451453
-1052.6996405264,0.005331626
-1051.12613358206,0.009929493
-1049.55262663772,0.0091684945
-1047.97911969338,0.009173556
-1046.40561274904,0.006974023
-1044.8321058047,0.0057928795
-1043.25859886036,0.004261889
-1041.68509191602,0.0063537173
-1040.11158497168,0.0067511294
-1038.53807802734,0.008521703
-1036.964571083,0.0067768013
-1035.3910641386599,0.0022132418
-1033.81755719432,0.0034296801
-1032.2440502499799,0.0058139265
-1030.67054330564,0.003872716
-1029.0970363612998,0.0072588194
-1027.52352941696,0.010014771
-1025.95002247262,0.0070583457
-1024.37651552828,0.0043076444
-1022.80300858394,0.005222672
-1021.2295016396,0.008255928
-1019.65599469526,0.005602963
-1018.08248775092,0.008592845
-1016.50898080658,0.0075210305
-1014.93547386224,0.0089639565
-1013.3619669179,0.01009427
-1011.78845997356,0.008687079
-1010.2149530292199,0.0099321995
-1008.6414460848799,0.005999896
-1007.0679391405399,0.0064655966
-1005.4944321962,0.0077394135
-1003.9209252518599,0.0056109373
-1002.34741830752,0.008460216
-1000.77391136318,0.011744085
-999.20040441884,0.0069318437
-997.6268974745,0.0088616265
-996.05339053016,0.0066501745
-994.47988358582,0.008133895
-992.90637664148,0.0075749354
-991.3328696971399,0.0039177723
-989.7593627528,0.009001286
-988.1858558084599,0.0044165407
-986.61234886412,0.0074796663
-985.03884191978,0.010699116
-983.46533497544,0.010118594
-981.8918280311,0.0059654415
-980.3183210867601,0.004824687
-978.74481414242,0.005204442
-977.1713071980801,0.005535794
-975.5978002537399,0.0062960265
-974.0242933093999,0.007952726
-972.45078636506,0.013580035
-970.8772794207199,0.0041402765
-969.30377247638,0.0037628706
-967.7302655320399,0.0056085875
-966.1567585877,0.005903656
-964.58325164336,0.007578408
-963.00974469902,0.009896342
-961.43623775468,0.008754308
-959.86273081034,0.008231155
-958.2892238659999,0.008314777
-956.71571692166,0.0091020875
-955.1422099773199,0.012726966
-953.56870303298,0.01023089
-951.99519608864,0.008362502
-950.4216891443,0.013796623
-948.84818219996,0.013368741
-947.27467525562,0.015340273
-945.70116831128,0.0151783265
-944.1276613669401,0.010856932
-942.5541544225999,0.014285972
-940.98064747826,0.015057625
-939.40714053392,0.013990258
-937.8336335895799,0.010838747
-936.26012664524,0.0151331425
-934.6866197008999,0.01737631
-933.11311275656,0.012560667
-931.53960581222,0.012459272
-929.96609886788,0.013248369
-928.39259192354,0.0060297595
-926.8190849791999,0.007876404
-925.2455780348599,0.010953093
-923.67207109052,0.013803096
-922.0985641461799,0.008355807
-920.52505720184,0.006544123
-918.9515502575,0.0045999894
-917.37804331316,0.0067255464
-915.80453636882,0.0059698694
-914.23102942448,0.0077039874
-912.65752248014,0.002264472
-911.0840155358001,0.005871206
-909.5105085914599,0.007174714
-907.93700164712,0.008773145
-906.3634947027799,0.007943505
-904.78998775844,0.009313007
-903.2164808141,0.007521742
-901.6429738697599,0.0047569894
-900.06946692542,0.007813872
-898.49595998108,0.0056206454
-896.92245303674,0.007674159
-895.3489460924,0.0070844647
-893.77543914806,0.008149805
-892.2019322037199,0.007835201
-890.62842525938,0.008801196
-889.0549183150399,0.0061319848
-887.4814113707,0.009247115
-885.9079044263599,0.013182095
-884.33439748202,0.011589785
-882.76089053768,0.0059282104
-881.18738359334,0.003281882
-879.613876649,0.009211651
-878.0403697046601,0.007880198
-876.4668627603199,0.0066227885
-874.89335581598,0.0092371
-873.3198488716399,0.00565986
-871.7463419273,0.004490547
-870.17283498296,0.0039261393
-868.59932803862,0.012395589
-867.02582109428,0.009323204
-865.4523141499399,0.0069747297
-863.8788072056,0.009109136
-862.30530026126,0.009101956
-860.73179331692,0.007699305
-859.1582863725799,0.00888348
-857.58477942824,0.008782378
-856.0112724838999,0.0037800807
-854.43776553956,0.0044144844
-852.86425859522,0.0007139902
-851.2907516508799,0.0022085032
-849.7172447065399,0.005786582
-848.1437377622,0.0040468895
-846.57023081786,0.00903941
-844.9967238735201,0.0090250205
-843.4232169291801,0.008886632
-841.8497099848399,0.00702443
-840.2762030404999,0.006093354
-838.70269609616,0.009860753
-837.12918915182,0.0056764823
-835.5556822074801,0.00532389
-833.9821752631399,0.0072248466
-832.4086683188,0.009033461
-830.83516137446,0.006550325
-829.2616544301201,0.0024882348
-827.6881474857801,0.0055976897
-826.1146405414398,0.006935127
-824.5411335970999,0.0077374023
-822.9676266527599,0.007598727
-821.39411970842,0.0067298515
-819.82061276408,0.006373315
-818.2471058197399,0.009139376
-816.6735988753999,0.011629916
-815.10009193106,0.009060268
-813.52658498672,0.007815194
-811.9530780423801,0.0054618428
-810.3795710980398,0.006639823
-808.8060641536999,0.005082021
-807.2325572093599,0.0045194076
-805.65905026502,0.004260775
-804.08554332068,0.0058043217
-802.5120363763401,0.0040930696
-800.9385294319999,0.0070473826
-799.36502248766,0.007850002
-797.79151554332,0.007961407
-796.2180085989801,0.004769767
-794.6445016546401,0.0040777107
-793.0709947102998,0.0037659693
-791.4974877659599,0.003133249
-789.9239808216199,0.00834173
-788.35047387728,0.007244819
-786.77696693294,0.007732991
-785.2034599885999,0.009960479
-783.6299530442599,0.007875183
-782.05644609992,0.0011532903
-780.48293915558,0.0033354058
-778.9094322112401,0.011059966
-777.3359252668998,0.011908688
-775.7624183225599,0.0073962207
-774.1889113782199,0.0111921895
-772.61540443388,0.004310804
-771.04189748954,0.0016192278
-769.4683905451999,0.0062677935
-767.8948836008599,0.0053754095
-766.32137665652,0.006278362
-764.74786971218,0.002848222
-763.1743627678401,0.002361044
-761.6008558235001,0.0031766142
-760.02734887916,0.008121652
-758.4538419348199,0.008061369
-756.88033499048,0.00379515
-755.30682804614,0.0036290055
-753.7333211018001,0.006579285
-752.1598141574599,0.0050285934
-750.5863072131199,0.005597136
-749.01280026878,0.0058382875
-747.43929332444,0.009176143
-745.8657863801001,0.010632504
-744.2922794357598,0.005672132
-742.7187724914199,0.00599733
-741.1452655470799,0.0028690975
-739.57175860274,0.009355517
-737.9982516584,0.009004888
-736.4247447140599,0.009436469
-734.8512377697199,0.0063854037
-733.27773082538,0.0056923763
-731.70422388104,0.010111628
-730.1307169367001,0.006973596
-728.5572099923598,0.005018967
-726.98370304802,0.003978277
-725.4101961036799,0.007344072
-723.83668915934,0.008602658
-722.263182215,0.012423887
-720.6896752706601,0.007081105
-719.1161683263199,0.008827374
-717.5426613819799,0.006380338
-715.96915443764,0.006704675
-714.3956474933,0.008624528
-712.8221405489601,0.009074438
-711.2486336046198,0.008171658
-709.67512666028,0.007476216
-708.1016197159399,0.011129968
-706.5281127716,0.007771159
-704.95460582726,0.0068789045
-703.3810988829199,0.0068567446
-701.8075919385799,0.003539109
-700.23408499424,0.0013590632
-698.6605780499,0.005076464
-697.0870711055601,0.007895165
-695.5135641612198,0.009023401
-693.94005721688,0.011431026
-692.3665502725399,0.009909452
-690.7930433282,0.0047566616
-689.21953638386,0.0118415905
-687.6460294395199,0.010627045
-686.0725224951799,0.005675939
-684.49901555084,0.0092822
-682.9255086065,0.010713691
-681.3520016621601,0.005391538
-679.7784947178201,0.012692877
-678.2049877734798,0.0114837475
-676.63148082914,0.004505957
-675.0579738847999,0.005354741
-673.48446694046,0.00847957
-671.91095999612,0.00338092
-670.3374530517799,0.004387419
-668.7639461074399,0.011608198
-667.1904391631,0.008204553
-665.61693221876,0.0057544466
-664.0434252744201,0.0064563076
-662.4699183300798,0.002980856
-660.89641138574,0.003964015
-659.3229044413999,0.009167285
-657.74939749706,0.010664924
-656.17589055272,0.0052056443
-654.6023836083799,0.008685184
-653.0288766640399,0.009290685
-651.4553697197,0.008154189
-649.88186277536,0.0039903885
-648.3083558310201,0.0054547214
-646.7348488866799,0.0047357935
-645.16134194234,0.005509688
-643.587834998,0.00844868
-642.0143280536599,0.006491492
-640.44082110932,0.005378846
-638.86731416498,0.0072526247
-637.2938072206399,0.006655539
-635.7203002762999,0.006781783
-634.14679333196,0.004479335
-632.57328638762,0.00533773
-630.9997794432801,0.005974688
-629.4262724989399,0.007903891
-627.8527655546,0.008099164
-626.27925861026,0.00641788
-624.70575166592,0.0054585515
-623.13224472158,0.008738335
-621.5587377772399,0.011594907
-619.9852308328999,0.008491203
-618.41172388856,0.010617298
-616.83821694422,0.0063454965
-615.2647099998801,0.006672405
-613.6912030555399,0.007723326
-612.1176961112,0.008225256
-610.54418916686,0.008305628
-608.97068222252,0.006968515
-607.39717527818,0.011298358
-605.8236683338398,0.00905265
-604.2501613894999,0.0077422555
-602.6766544451599,0.0075166165
-601.10314750082,0.009658219
-599.52964055648,0.007828829
-597.9561336121401,0.01074735
-596.3826266677999,0.009856904
-594.80911972346,0.0070554824
-593.23561277912,0.0073171565
-591.66210583478,0.0073965145
-590.08859889044,0.003976969
-588.5150919460999,0.0080078365
-586.9415850017599,0.0069351783
-585.36807805742,0.0056078043
-583.79457111308,0.007396257
-582.2210641687401,0.005936902
-580.6475572243999,0.0062852884
-579.07405028006,0.010398216
-577.50054333572,0.009426957
-575.92703639138,0.00413709
-574.35352944704,0.006311807
-572.7800225026999,0.00903576
-571.2065155583599,0.0067399833
-569.6330086140199,0.0028803789
-568.05950166968,0.0062911147
-566.48599472534,0.0036524152
-564.9124877809999,0.004203777
-563.3389808366599,0.006347426
-561.76547389232,0.00556364
-560.19196694798,0.004397524
-558.61846000364,0.0073417835
-557.0449530593,0.00786603
-555.4714461149599,0.00449858
-553.8979391706199,0.0040835347
-552.32443222628,0.0035462608
-550.75092528194,0.005571714
-549.1774183376001,0.0045706807
-547.6039113932599,0.00956733
-546.03040444892,0.008417138
-544.45689750458,0.0048415917
-542.8833905602401,0.008828433
-541.3098836159,0.0052560056
-539.7363766715599,0.0066782394
-538.1628697272199,0.014141016
-536.58936278288,0.008238048
-535.01585583854,0.00460851
-533.4423488942001,0.0066647558
-531.8688419498599,0.0069784336
-530.2953350055199,0.0055445326
-528.72182806118,0.0075221104
-527.14832111684,0.0059218733
-525.5748141725,0.008575038
-524.0013072281598,0.0078087477
-522.4278002838199,0.010019358
-520.8542933394799,0.0074780267
-519.28078639514,0.0036398605
-517.7072794508,0.005365572
-516.1337725064601,0.007005735
-514.5602655621199,0.0061977017
-512.98675861778,0.008430775
-511.41325167343996,0.007984118
-509.8397447291,0.008604383
-508.26623778476005,0.0077512395
-506.69273084041987,0.008330752
-505.1192238960799,0.0096405
-503.54571695173996,0.010397774
-501.9722100074,0.0097161895
-500.39870306306005,0.011826422
-498.8251961187199,0.0062103225
-497.2516891743799,0.0075456062
-495.67818223003997,0.0052890806
-494.1046752857,0.0056526726
-492.53116834136006,0.008203316
-490.9576613970199,0.010920751
-489.3841544526799,0.009192586
-487.81064750833997,0.0117266895
-486.237140564,0.0070174322
-484.66363361966006,0.006832677
-483.0901266753199,0.0037303208
-481.5166197309799,0.0087109925
-479.94311278664,0.0038019673
-478.3696058423,0.007585765
-476.79609889796006,0.00959668
-475.22259195362005,0.011413713
-473.6490850092799,0.0052827736
-472.0755780649399,0.005160812
-470.50207112059996,0.007696212
-468.92856417626,0.007647664
-467.35505723192006,0.00990682
-465.7815502875799,0.008064407
-464.2080433432399,0.00783412
-462.63453639889997,0.008527158
-461.06102945456,0.009480789
-459.48752251022006,0.006243678
-457.9140155658799,0.005255121
-456.3405086215399,0.0064175776
-454.76700167719997,0.007847805
-453.19349473286,0.009707236
-451.61998778852006,0.005389792
-450.0464808441799,0.006193017
-448.47297389983993,0.005743598
-446.8994669555,0.0074373623
-445.32596001116,0.009099381
-443.75245306682007,0.0093597425
-442.1789461224799,0.0060827415
-440.6054391781399,0.0067283926
-439.0319322337999,0.011218313
-437.45842528945997,0.008557879
-435.88491834512,0.00800547
-434.31141140078006,0.008727564
-432.7379044564399,0.0058326065
-431.1643975120999,0.0017973878
-429.59089056775997,0.003366331
-428.01738362342,0.0075340793
-426.44387667908006,0.009018271
-424.8703697347399,0.011803823
-423.2968627903999,0.01084814
-421.72335584606,0.009850452
-420.14984890172,0.0030573602
-418.57634195738007,0.0036076189
-417.0028350130399,0.0065613417
-415.42932806869993,0.012231438
-413.85582112436,0.008235511
-412.28231418002,0.0048566884
-410.70880723568007,0.0029291399
-409.1353002913399,0.012125362
-407.56179334699993,0.011418019
-405.98828640266,0.010031309
-404.41477945832,0.0052998974
-402.8412725139801,0.008056371
-401.26776556963983,0.0075427084
-399.6942586252999,0.004719574
-398.1207516809599,0.005935318
-396.54724473662,0.008787964
-394.97373779228,0.0070251226
-393.40023084794007,0.005666635
-391.8267239035999,0.005220322
-390.25321695925993,0.010058967
-388.67971001492,0.008682864
-387.10620307058,0.010451743
-385.53269612624007,0.01137003
-383.9591891818999,0.006508034
-382.38568223755993,0.007643979
-380.81217529322,0.0042193728
-379.23866834888,0.007226697
-377.6651614045401,0.0075793876
-376.0916544601999,0.00845834
-374.51814751585994,0.0059203897
-372.94464057152,0.005436587
-371.37113362718003,0.0047530024
-369.7976266828401,0.0029963646
-368.2241197384999,0.010754717
-366.6506127941599,0.009235573
-365.07710584981993,0.009318091
-363.50359890548,0.0065351897
-361.93009196114,0.009157205
-360.35658501679984,0.0023432623
-358.7830780724599,0.0054817684
-357.20957112811993,0.0042599337
-355.63606418378,0.0058309236
-354.06255723944,0.00883914
-352.48905029510007,0.010260751
-350.9155433507599,0.0071018916
-349.34203640641994,0.0015413167
-347.76852946208,0.007908899
-346.19502251774003,0.012063243
-344.6215155734001,0.009449964
-343.0480086290599,0.010150894
-341.47450168471994,0.0102711525
-339.90099474038,0.0067418395
-338.32748779604003,0.00903774
-336.7539808517001,0.004043664
-335.1804739073599,0.0031798698
-333.60696696301994,0.0024570115
-332.03346001868,0.007439145
-330.45995307434004,0.0044287965
-328.8864461300001,0.0069507314
-327.31293918565984,0.006080209
-325.7394322413199,-0.00032293214
-324.16592529697994,0.0073491316
-322.59241835264,0.009034522
-321.0189114083,0.009517872
-319.44540446395985,0.007545493
-317.8718975196199,0.011754417
-316.29839057527994,0.00841585
-314.72488363094,0.008342966
-313.15137668660003,0.004621042
-311.5778697422601,0.0061800764
-310.0043627979199,0.004613715
-308.43085585357994,0.0048002237
-306.85734890924,0.007664148
-305.28384196490003,0.0049070413
-303.7103350205601,0.0048621665
-302.1368280762199,0.007118443
-300.56332113187995,0.007049258
-298.98981418754,0.0041112145
-297.41630724320004,0.0077062873
-295.8428002988601,0.008705753
-294.2692933545199,0.00865213
-292.69578641017995,0.0103553375
-291.12227946583994,0.0069061955
-289.5487725215,0.014449172
-287.97526557716003,0.008059472
-286.40175863281985,0.005136921
-284.8282516884799,0.0064093727
-283.25474474413994,0.0073681776
-281.6812377998,0.0062756967
-280.10773085546003,0.006888317
-278.53422391111985,0.0051053097
-276.9607169667799,0.0072700563
-275.38721002243994,0.00724844
-273.8137030781,0.007046868
-272.24019613376004,0.0043309606
-270.66668918941986,0.006350034
-269.0931822450799,0.0069502518
-267.51967530073995,0.0117407115
-265.9461683564,0.008288199
-264.37266141206004,0.0027941496
-262.7991544677201,0.0026025702
-261.2256475233799,0.0044842954
-259.65214057903995,0.009429515
-258.0786336347,0.009213962
-256.50512669036004,0.00714213
-254.93161974602006,0.0066720424
-253.35811280167988,0.0069292886
-251.78460585733993,0.0110541675
-250.21109891299997,0.007591184
-248.63759196866002,0.0042977636
-247.06408502432006,0.0038418528
-245.49057807997985,0.009799882
-243.9170711356399,0.010430049
-242.34356419129995,0.008613868
-240.77005724696,0.008372625
-239.19655030262004,0.00853322
-237.62304335827986,0.0069162864
-236.0495364139399,0.009758823
-234.47602946959995,0.008137275
-232.90252252526,0.0106016565
-231.32901558092004,0.0065177637
-229.75550863657986,0.008867228
-228.1820016922399,0.009334975
-226.60849474789993,0.008430958
-225.03498780355997,0.004469009
-223.46148085922002,0.0061287493
-221.88797391488006,0.005153284
-220.31446697053988,0.00964656
-218.74096002619993,0.0068234685
-217.16745308185997,0.0036578143
-215.59394613752002,0.00692188
-214.02043919318007,0.0059381844
-212.4469322488399,0.0067325654
-210.87342530449993,0.010132447
-209.29991836015998,0.007671585
-207.72641141582,0.0066970135
-206.15290447148004,0.0029705241
-204.57939752713986,0.006435981
-203.0058905827999,0.0063163955
-201.43238363845995,0.010931139
-199.85887669412,0.0060752756
-198.28536974978005,0.007253114
-196.71186280543986,0.006389647
-195.1383558610999,0.0052230405
-193.56484891675996,0.003458069
-191.99134197242,0.007285252
-190.41783502808005,0.009154521
-188.84432808373984,0.0033047823
-187.27082113939989,0.006492471
-185.69731419505993,0.0042892317
-184.12380725071998,0.0072374055
-182.55030030638002,0.0067571285
-180.97679336204007,0.009249247
-179.4032864176999,0.00764744
-177.82977947335993,0.009454188
-176.25627252901998,0.010610408
-174.68276558468003,0.008667732
-173.10925864034007,0.0058804164
-171.53575169599986,0.0059802984
-169.9622447516599,0.0077525824
-168.38873780731996,0.005236286
-166.81523086298,0.003171597
-165.24172391864005,0.006985165
-163.66821697429987,0.006851761
-162.0947100299599,0.00860135
-160.52120308561996,0.007415602
-158.94769614128,0.005973488
-157.37418919694005,0.010109433
-155.80068225259987,0.011357556
-154.22717530825992,0.008353158
-152.65366836391993,0.008411226
-151.08016141957998,0.007850851
-149.50665447524003,0.0061430563
-147.93314753089984,0.0043904404
-146.3596405865599,0.0063426625
-144.78613364221994,0.007873334
-143.21262669787998,0.009555583
-141.63911975354003,0.002020756
-140.06561280920008,0.0061247656
-138.4921058648599,0.0055445023
-136.91859892051994,0.010332372
-135.34509197618,0.008876287
-133.77158503184003,0.0047894684
-132.19807808750005,0.007316228
-130.62457114315987,0.007674809
-129.05106419881992,0.0077505927
-127.47755725447996,0.0055132746
-125.90405031014001,0.009410232
-124.33054336580005,0.015334362
-122.75703642145987,0.0149299605
-121.1835294771199,0.0137925735
-119.61002253277995,0.014884394
-118.03651558844,0.008930126
-116.46300864410004,0.013371463
-114.88950169975986,0.013790452
-113.31599475541991,0.01019643
-111.74248781107995,0.009610293
-110.16898086673999,0.0147672165
-108.59547392240003,0.018767903
-107.02196697805985,0.01542395
-105.4484600337199,0.015126848
-103.87495308937994,0.017478975
-102.30144614503999,0.022296678
-100.72793920070002,0.02399783
-99.15443225636007,0.030480225
-97.58092531201989,0.03327679
-96.00741836767993,0.031566843
-94.43391142333998,0.03305795
-92.86040447900002,0.0419442
-91.28689753466007,0.051719945
-89.71339059031988,0.05815501
-88.13988364597992,0.069093
-86.56637670163997,0.083594546
-84.99286975730001,0.08939032
-83.41936281296006,0.09635337
-81.84585586861986,0.10400263
-80.27234892427991,0.11793344
-78.69884197993996,0.11126317
-77.1253350356,0.10532418
-75.55182809126005,0.10573079
-73.97832114691985,0.10328804
-72.4048142025799,0.099229686
-70.83130725823995,0.09298953
-69.25780031389999,0.090029456
-67.68429336956004,0.08535235
-66.11078642521984,0.07748577
-64.53727948087989,0.07180971
-62.963772536539935,0.061376754
-61.39026559219998,0.056482702
-59.81675864786003,0.050659258
-58.24325170352007,0.04383869
-56.669744759179885,0.036996875
-55.09623781483993,0.028968817
-53.52273087049998,0.028368084
-51.949223926160016,0.029989168
-50.37571698182006,0.02926721
-48.802210037479874,0.03259905
-47.22870309313992,0.034041848
-45.655196148799966,0.03924869
-44.08168920446001,0.039200176
-42.50818226012005,0.046006896
-40.93467531577987,0.04748624
-39.36116837143991,0.04438804
-37.787661427099955,0.044889756
-36.21415448276,0.048184916
-34.64064753842005,0.05060594
-33.06714059407986,0.046472587
-31.493633649739902,0.040370516
-29.920126705399948,0.040644526
-28.34661976105999,0.040511366
-26.773112816720037,0.036426444
-25.19960587237985,0.043628115
-23.626098928039895,0.04468088
-22.052591983699937,0.046170104
-20.479085039359983,0.047729302
-18.90557809502003,0.05148506
-17.332071150680072,0.05437564
-15.758564206339885,0.0557404
-14.18505726199993,0.058806755
-12.611550317659974,0.058988385
-11.038043373320019,0.05327797
-9.464536428980063,0.063890524
-7.891029484639875,0.06394228
-6.317522540299921,0.048928916
-4.744015595959965,0.04819665
-3.17050865162001,0.046577852
-1.5970017072800546,0.03671051
-0.02349476293986663,0.02545505
1.5500121814000887,0.023236472
3.1235191257400436,0.016849855
4.697026070079999,0.011520046
6.2705330144199545,0.01304961
7.844039958760142,0.008251408
9.417546903100098,0.0052561266
10.991053847440053,0.0017856455
12.564560791780009,0.0056978087
14.138067736119963,0.006952293
15.711574680460151,0.008684196
17.285081624800107,0.0064779334
18.85858856914006,0.0071740476
20.432095513480018,0.009999106
22.005602457819972,0.008170279
23.579109402159926,0.0052451203
25.152616346500114,0.0075768237
26.72612329084007,0.009270331
28.299630235180025,0.009420974
29.873137179519983,0.00756309
31.446644123859937,0.011853918
33.02015106820012,0.0076046223
34.59365801254008,0.00765069
36.167164956880036,0.0033747957
37.74067190121999,0.005890834
39.314178845559944,0.0130387815
40.88768578990013,0.0077798013
42.461192734240086,0.0052149836
44.03469967858005,0.008854721
45.60820662292,0.009963211
47.181713567259955,0.008945572
48.75522051160014,0.0069715264
50.3287274559401,0.008899794
51.90223440028005,0.010251752
53.475741344620005,0.0091958605
55.049248288959966,0.005980522
56.622755233300154,0.009213965
58.19626217764011,0.009023058
59.76976912198006,0.006101586
61.343276066320016,0.0015786551
62.91678301065997,0.004438004
64.49028995499992,0.010916096
66.06379689934012,0.009804724
67.63730384368007,0.0071727256
69.21081078802003,0.008442441
70.78431773235998,0.01226007
72.35782467669993,0.0066259764
73.93133162104013,0.012814472
75.50483856538008,0.014108257
77.07834550972004,0.011204219
78.65185245405999,0.011019062
80.22535939839995,0.009397955
81.79886634274013,0.010381537
83.3723732870801,0.009360194
84.94588023142005,0.0067954655
86.51938717576,0.0076542515
88.09289412009996,0.007890211
89.66640106444014,0.006523585
91.23990800878009,0.008520995
92.81341495312006,0.009942846
94.38692189746001,0.009871268
95.96042884179997,0.009212628
97.53393578614015,0.009646507
99.1074427304801,0.008214814
100.68094967482006,0.008566523
102.25445661916002,0.00810668
103.82796356349998,0.0048211957
105.40147050783993,0.003132372
106.97497745218011,0.004851622
108.54848439652007,0.0046497765
110.12199134086002,0.0022016417
111.69549828519997,0.006244284
113.26900522953994,0.0055939374
114.84251217388012,0.0022730497
116.41601911822008,0.005775644
117.98952606256003,0.0082194265
119.56303300689999,0.0103019355
121.13653995123994,0.0069435607
122.71004689558013,0.0042408817
124.28355383992009,0.0030747275
125.85706078426004,0.0057063126
127.4305677286,0.006643209
129.00407467293996,0.0044966172
130.57758161728015,0.0036285042
132.1510885616201,0.009422264
133.72459550596005,0.007619693
135.2981024503,0.0075199488
136.87160939463996,0.008396303
138.44511633898014,0.005292908
140.0186232833201,0.0025159798
141.59213022766005,0.0046545193
143.165637172,0.005497162
144.73914411634,0.0033372594
146.31265106067994,0.009859733
147.88615800502012,0.008073601
149.45966494936008,0.008316865
151.03317189370003,0.007599653
152.60667883803998,0.008337207
154.18018578237994,0.006191437
155.75369272672012,0.004724897
157.32719967106007,0.00985049
158.90070661540003,0.0072995992
160.47421355973998,0.0069571678
162.04772050407993,0.008729739
163.62122744842014,0.008416184
165.1947343927601,0.0066959444
166.76824133710005,0.010365661
168.34174828144,0.012031646
169.91525522577996,0.008077598
171.48876217012014,0.0055706254
173.0622691144601,0.0056441543
174.63577605880005,0.0044393023
176.20928300314,0.0047425097
177.78278994747996,0.0052719135
179.35629689182016,0.007134734
180.92980383616012,0.007908757
182.50331078050007,0.007124254
184.07681772484003,0.006899202
185.65032466917998,0.0043977425
187.22383161351993,0.0060511827
188.79733855786012,0.00671428
190.37084550220007,0.009376062
191.94435244654002,0.009470691
193.51785939087998,0.005207408
195.09136633522016,0.0038925293
196.66487327955988,0.009322723
198.23838022390007,0.0037154793
199.81188716824028,0.0034072716
201.38539411258,0.0030091996
202.95890105692018,0.0029257566
204.5324080012599,0.0065790312
206.1059149456001,0.006665092
207.67942188993982,0.0048443726
209.25292883428,0.0017424802
210.82643577862018,0.0043857656
212.3999427229599,0.0083776945
213.9734496673001,0.008390877
215.5469566116398,0.004446979
217.12046355598,0.0026878624
218.6939705003202,0.0016777863
220.26747744465993,0.0038154265
221.8409843890001,0.003332287
223.41449133333984,0.0071831215
224.98799827768002,0.01047105
226.5615052220202,0.0063101985
228.13501216635993,0.010481833
229.7085191107001,0.010495779
231.28202605503984,0.009730075
232.85553299938002,0.0051406305
234.42903994372023,0.0073856236
236.00254688805992,0.008106694
237.57605383240013,0.0085366815
239.14956077673986,0.013168782
240.72306772108004,0.010581598
242.29657466542022,0.010423651
243.87008160975995,0.0071875607
245.44358855410013,0.0077537275
247.01709549843986,0.008713053
248.59060244278004,0.009504675
250.16410938712022,0.008447515
251.73761633145995,0.004844931
253.31112327580016,0.006371864
254.88463022013985,0.0049926625
256.45813716448004,0.011359944
258.0316441088202,0.009895187
259.60515105315994,0.00937796
261.1786579975001,0.0076033203
262.75216494183985,0.0057419837
264.3256718861801,0.003047493
265.89917883052027,0.0051781707
267.47268577486,0.008387119
269.0461927192002,0.007932091
270.6196996635399,0.0075632446
272.1932066078801,0.0052464493
273.76671355222027,0.0057074283
275.34022049656,0.0063596214
276.9137274409002,0.0011200347
278.4872343852399,0.0031738293
280.0607413295801,0.0065978984
281.63424827392026,0.006337287
283.20775521826,0.0074766558
284.78126216260017,0.0043042186
286.3547691069399,0.010859863
287.9282760512801,0.0067700767
289.5017829956198,0.002868888
291.07528993996,0.0035351785
292.64879688430017,0.0024475763
294.2223038286399,0.0033345865
295.7958107729801,0.0026479024
297.3693177173198,0.0069633154
298.94282466166,0.006576701
300.5163316060002,0.009750793
302.0898385503399,0.0076846983
303.66334549468013,0.0031745152
305.23685243901986,0.005817624
306.81035938336004,0.0093276575
308.3838663277002,0.004622812
309.95737327203994,0.0050007105
311.5308802163801,0.00119534
313.10438716071985,-0.00056523865
314.67789410506003,0.0067875995
316.2514010494002,0.0066943504
317.82490799373994,0.0047186306
319.3984149380801,0.003862605
320.97192188241985,0.008456487
322.54542882676003,0.009393781
324.1189357711002,0.0038310327
325.69244271543994,0.0071336813
327.2659496597801,0.005897367
328.83945660411985,0.006712135
330.41296354846,0.009355566
331.9864704928002,0.004677182
333.55997743713993,0.0052913544
335.1334843814801,0.004083346
336.70699132581984,0.010490341
338.2804982701601,0.007750712
339.85400521450026,0.006194176
341.42751215884,0.008348973
343.00101910318017,0.011721514
344.5745260475199,0.0059776166
346.1480329918601,0.0017398105
347.72153993620026,0.002784944
349.29504688054,0.0061077555
350.86855382488017,0.011792359
352.4420607692199,0.0061072693
354.0155677135601,0.0063767955
355.58907465790026,0.0045808274
357.16258160224,0.0042191423
358.73608854658016,0.004687582
360.3095954909199,0.004711282
361.88310243526007,0.00078733405
363.45660937960025,0.005896788
365.03011632394,0.0037083402
366.60362326828016,0.0031088456
368.1771302126199,0.008566365
369.75063715696007,0.010578401
371.3241441012998,0.010949066
372.89765104564,0.0052381963
374.4711579899802,-0.0002451141
376.0446649343199,0.003862185
377.6181718786601,0.00574616
379.19167882299985,0.009713122
380.76518576734003,0.0056128954
382.3386927116802,0.0033448806
383.91219965601994,0.0031559276
385.4857066003601,0.0067378944
387.05921354469984,0.005958009
388.63272048904,0.0037759657
390.2062274333802,0.005562815
391.77973437771993,0.009847242
393.3532413220601,0.0032804343
394.92674826639984,0.0062854444
396.50025521074,0.0072804224
398.0737621550802,0.006134983
399.64726909941993,0.0076671024
401.2207760437601,0.0039409203
402.79428298809984,0.0020950485
404.36778993244,0.0065148585
405.9412968767802,0.0109447725
407.5148038211199,0.00815656
409.0883107654601,0.0064743324
410.66181770979983,0.005096965
412.2353246541401,0.0033412178
413.80883159848025,0.0005534084
415.38233854282,0.0037751696
416.95584548716016,0.0056901732
418.5293524314999,0.004830087
420.10285937584007,0.0047179596
421.67636632018025,0.0050321715
423.24987326452,0.005913739
424.82338020886016,0.0067316284
426.3968871531999,0.0031607794
427.97039409754007,0.006218525
429.54390104188025,0.0024406628
431.11740798622,0.00443988
432.69091493056015,0.0024318045
434.2644218748999,0.006281474
435.83792881924006,0.005856098
437.41143576358024,0.0069980104
438.98494270791997,0.00549431
440.55844965226015,0.0069432054
442.1319565965999,0.005452235
443.70546354094006,0.010153906
445.27897048528024,0.009520559
446.85247742961997,0.0058104703
448.4259843739602,0.0014989405
449.9994913182999,0.005347915
451.5729982626401,0.008648252
453.14650520697984,0.006895394
454.72001215132,0.0075645195
456.2935190956602,0.007064925
457.8670260399999,0.0066876803
459.4405329843401,0.008908646
461.01403992867984,0.007643781
462.58754687302,0.0050929724
464.1610538173602,0.0073068626
465.7345607616999,0.0062357555
467.3080677060401,0.007685097
468.88157465037983,0.004878713
470.45508159472,0.002368543
472.0285885390602,-0.00032049057
473.6020954833999,0.004572241
475.1756024277401,0.005306811
476.74910937207983,0.007999089
478.32261631642,0.00483006
479.8961232607602,0.0044829473
481.4696302050999,0.004085911
483.0431371494401,0.006064254
484.6166440937798,0.0051619355
486.19015103812,0.008459871
487.76365798246024,0.004637678
489.33716492679997,0.005906822
490.91067187114015,0.0074722804
492.4841788154799,0.0013665329
494.05768575982006,0.0045263125
495.63119270416024,0.0101388395
497.20469964849997,0.009161169
498.77820659284015,0.0071666706
500.3517135371799,0.0029496124
501.92522048152006,0.008077481
503.49872742586024,0.00961568
505.07223437019996,0.008403529
506.64574131454015,0.0101820845
=======
256.601256042,0.009899765
256.6002301241432,0.01336041
256.5992042062864,0.011034684
256.59817828842955,0.012788899
256.59715237057276,0.004253147
256.59612645271596,-0.004408786
256.5951005348591,-0.0033895525
256.5940746170023,-0.017021181
256.5930486991455,-0.0059668147
256.5920227812887,0.0071374574
256.5909968634319,-0.0011173582
256.5899709455751,0.006919186
256.58894502771824,-0.0037701435
256.58791910986145,-0.0065995967
256.58689319200465,0.00064720993
256.5858672741478,-0.0037450108
256.584841356291,-0.006744545
256.5838154384342,-0.010265292
256.58278952057736,-0.011168201
256.58176360272057,-0.009313588
256.5807376848638,0.001232274
256.579711767007,0.0006770093
256.57868584915013,-0.0025273992
256.57765993129334,0.004160435
256.57663401343655,0.0064452495
256.5756080955797,0.008390971
256.5745821777229,0.0024512622
256.5735562598661,-0.010918183
256.57253034200926,0.00054179993
256.57150442415247,0.0010979088
256.5704785062957,-0.0007182504
256.5694525884388,-0.00023626378
256.568426670582,-0.012489234
256.5674007527252,-0.00030600565
256.5663748348684,0.0019313274
256.5653489170116,0.0076771313
256.56432299915474,0.0017962527
256.56329708129795,-0.00604734
256.56227116344115,-0.0021647739
256.5612452455843,-0.004771225
256.5602193277275,-0.0030219406
256.5591934098707,0.00085578277
256.55816749201387,0.0029790858
256.5571415741571,0.010183675
256.5561156563003,0.0020514275
256.5550897384434,-0.0071245367
256.55406382058663,-0.0018265793
256.55303790272984,0.0073728343
256.552011984873,0.0021201007
256.5509860670162,-0.0026966794
256.5499601491594,0.0021626533
256.5489342313026,0.001176467
256.54790831344576,-0.010863732
256.54688239558897,-0.012973192
256.5458564777322,-0.0072591547
256.5448305598753,0.0020704807
256.54380464201853,0.01012958
256.54277872416174,0.012234849
256.5417528063049,0.015040929
256.5407268884481,0.016882526
256.5397009705913,0.012307488
256.53867505273445,0.005510034
256.53764913487765,0.007646175
256.53662321702086,0.0102743115
256.535597299164,-0.00049144274
256.5345713813072,-0.0030654985
256.5335454634504,-0.001678689
256.5325195455936,-0.012327722
256.5314936277368,-0.0036009627
256.53046770988,0.007457808
256.52944179202314,-0.0031166684
256.52841587416634,-0.0035042125
256.52738995630955,0.008989525
256.52636403845275,0.0023221762
256.5253381205959,0.005402152
256.5243122027391,0.015726797
256.5232862848823,0.007083245
256.52226036702547,-0.0030382115
256.5212344491687,-0.005015538
256.5202085313119,0.0024451795
256.51918261345503,0.005773799
256.51815669559824,0.012334132
256.51713077774144,0.013176242
256.5161048598846,0.016368505
256.5150789420278,0.0019427065
256.514053024171,0.0004174525
256.51302710631415,0.0005262237
256.51200118845736,-0.0011380301
256.51097527060057,0.010029994
256.5099493527437,0.0020404228
256.5089234348869,7.428987e-05
256.50789751703013,0.0036180925
256.50687159917334,0.005832889
256.5058456813165,0.007255794
256.5048197634597,0.005945898
256.5037938456029,0.00907197
256.50276792774605,0.00640544
256.5017420098892,0.0008696869
256.5007160920324,0.0056866785
256.4996901741756,0.0026779985
256.49866425631876,0.0055676303
256.49763833846197,0.010208884
256.4966124206052,0.0047084927
256.4955865027483,-0.00713202
256.49456058489153,0.0046671676
256.49353466703474,0.008188266
256.49250874917794,-0.0039398125
256.4914828313211,0.0046548154
256.4904569134643,0.0012101018
256.4894309956075,0.0048647183
256.48840507775066,0.0037286754
256.48737915989386,-0.0037402543
256.48635324203707,0.00050327514
256.4853273241802,-0.0042591617
256.4843014063234,-0.002156295
256.48327548846663,-0.009465094
256.4822495706098,-0.0010153695
256.481223652753,0.008226238
256.4801977348962,0.0036624123
256.47917181703934,-0.007821387
256.47814589918255,-0.0081391735
256.47711998132576,-0.006895866
256.4760940634689,-0.0017897494
256.4750681456121,-0.0035497712
256.4740422277553,-0.002907625
256.4730163098985,0.0031977668
256.4719903920417,-0.0074917856
256.4709644741849,-0.013614698
256.4699385563281,0.0027607025
256.46891263847124,-0.0005910128
256.46788672061444,0.0029942286
256.46686080275765,0.0040469645
256.4658348849008,0.005269799
256.464808967044,0.007999106
256.4637830491872,0.005211623
256.46275713133036,0.005705956
256.46173121347357,0.0075774565
256.4607052956168,0.0059112557
256.4596793777599,-0.00048044499
256.45865345990313,-0.00015288906
256.45762754204634,-0.005579136
256.4566016241895,-0.016064778
256.4555757063327,-0.0032191237
256.4545497884759,-0.00014240856
256.45352387061905,-0.002882569
256.45249795276226,-0.003206376
256.45147203490546,-0.0037794542
256.45044611704867,0.0006686015
256.4494201991918,0.0043073418
256.448394281335,0.008276804
256.44736836347823,0.008992985
256.4463424456214,-0.00952059
256.4453165277646,-0.016723737
256.4442906099078,-0.0037547308
256.44326469205095,-0.004058315
256.44223877419415,0.0016945103
256.44121285633736,0.0036450322
256.4401869384805,0.006924925
256.4391610206237,0.0010100941
256.4381351027669,0.000230554
256.43710918491007,-0.005646207
256.4360832670533,-0.022586195
256.4350573491964,-0.0143008325
256.43403143133963,-0.002074006
256.43300551348284,0.007121339
256.431979595626,-2.5518835e-05
256.4309536777692,-0.010095439
256.4299277599124,0.00020732475
256.42890184205555,0.0070487163
256.42787592419876,0.0044593005
256.42685000634197,0.0080142105
256.4258240884851,0.017869014
256.4247981706283,0.008822535
256.4237722527715,-0.0019138856
256.4227463349147,-0.008410787
256.4217204170579,-0.011758652
256.4206944992011,-0.012844568
256.4196685813443,-0.0068731736
256.41864266348745,0.004518267
256.41761674563065,0.010533105
256.41659082777386,-0.0011278602
256.415564909917,0.0030093945
256.4145389920602,-0.0077271373
256.4135130742034,-0.012194891
256.4124871563466,0.0027689605
256.4114612384898,0.01599517
256.410435320633,0.017107947
256.40940940277613,0.0068484233
256.40838348491934,0.005298393
256.40735756706255,-0.0018024999
256.4063316492057,-0.0025809673
256.4053057313489,-0.0041352445
256.4042798134921,-0.0043194992
256.40325389563526,0.0038669403
256.40222797777847,0.010810595
256.4012020599217,0.0065519884
256.4001761420648,-0.0030206055
256.39915022420803,0.0024076756
256.39812430635124,-0.0009940917
256.39709838849444,0.0038647482
256.3960724706376,0.004159567
256.3950465527808,0.0030309
256.394020634924,0.005659599
256.39299471706715,-0.005665665
256.39196879921036,0.0053542964
256.39094288135357,0.008548069
256.3899169634967,0.011780553
256.3888910456399,0.0037270985
256.38786512778313,0.005479042
256.3868392099263,0.0066981604
256.3858132920695,0.0060450565
256.3847873742127,0.0042588273
256.38376145635584,0.0015374398
256.38273553849905,0.0010967241
256.38170962064225,-0.006461576
256.3806837027854,0.011060716
256.3796577849286,0.016076526
256.3786318670718,0.012995189
256.377605949215,0.017596018
256.3765800313582,0.015935794
256.3755541135014,0.009305226
256.3745281956446,0.005699133
256.37350227778774,-0.009954646
256.37247635993094,0.0021889447
256.37145044207415,0.007533384
256.3704245242173,0.0011995846
256.36939860636045,-0.0013562265
256.36837268850365,0.0143513605
256.36734677064686,0.0064320685
256.36632085279,-0.0014183635
256.3652949349332,0.007506693
256.3642690170764,0.0064183185
256.36324309921963,-0.012478754
256.3622171813628,-0.0061955675
256.361191263506,-0.0037416397
256.3601653456492,-0.0007823087
256.35913942779234,0.0106951725
256.35811350993555,0.0070365346
256.35708759207876,-0.0016925323
256.3560616742219,-0.0046309647
256.3550357563651,-0.002287067
256.3540098385083,-0.009504488
256.35298392065147,0.00044988573
256.3519580027947,-0.0011796656
256.3509320849379,-0.00023939786
256.34990616708103,-0.003932017
256.34888024922424,0.006623975
256.34785433136744,0.01343793
256.3468284135106,0.005829335
256.3458024956538,0.0029059444
256.344776577797,0.0066278083
256.3437506599402,0.009874773
256.34272474208336,0.0009973168
256.34169882422657,-0.00912041
256.3406729063698,-0.015968407
256.3396469885129,-0.009771348
256.33862107065613,-0.0025883913
256.33759515279934,-0.006614117
256.3365692349425,0.0004415184
256.3355433170857,0.0042325817
256.3345173992289,0.0006391632
256.33349148137205,0.011027444
256.33246556351526,0.008723991
256.33143964565846,0.0017862096
256.3304137278016,0.009205172
256.3293878099448,0.006379432
256.328361892088,-0.010436932
256.3273359742312,-0.005298786
256.3263100563744,0.0060864864
256.3252841385176,0.011969106
256.3242582206608,0.010283176
256.32323230280394,0.008666877
256.32220638494715,0.005620827
256.32118046709036,0.00593018
256.3201545492335,0.0004932163
256.3191286313767,0.006564414
256.3181027135199,0.014773603
256.31707679566307,0.021323476
256.3160508778063,0.021002699
256.3150249599495,0.022963
256.31399904209263,0.013683939
256.31297312423584,0.018734163
256.31194720637905,0.017108625
256.3109212885222,0.022259101
256.3098953706654,0.014602949
256.3088694528086,0.025446359
256.30784353495176,0.017659664
256.30681761709496,0.026528481
256.30579169923817,0.026361426
256.3047657813813,0.048470948
256.3037398635245,0.054995913
256.3027139456677,0.035763744
256.3016880278109,0.0360309
256.3006621099541,0.03879254
256.29963619209724,0.049453188
256.29861027424045,0.06464982
256.29758435638365,0.07844214
256.2965584385268,0.07319788
256.29553252067,0.082641944
256.2945066028132,0.09894453
256.29348068495636,0.08885683
256.29245476709957,0.08230849
256.2914288492428,0.08052303
256.290402931386,0.083174534
256.28937701352913,0.0949363
256.28835109567234,0.09393009
256.28732517781555,0.09125192
256.2862992599587,0.09261197
256.2852733421019,0.09222677
256.2842474242451,0.083807185
256.28322150638826,0.08220812
256.28219558853147,0.08683757
256.2811696706747,0.08162114
256.2801437528178,0.077229485
256.279117834961,0.08112846
256.27809191710423,0.080599286
256.2770659992474,0.07212413
256.2760400813906,0.06848686
256.2750141635338,0.07494159
256.27398824567695,0.06893023
256.27296232782015,0.06350181
256.27193640996336,0.05553938
256.2709104921065,0.04371777
256.2698845742497,0.03757189
256.2688586563929,0.04125093
256.26783273853613,0.04620847
256.2668068206793,0.033715814
256.2657809028225,0.043577977
256.2647549849657,0.037887443
256.26372906710884,0.030530628
256.26270314925205,0.033820324
256.26167723139525,0.021068161
256.2606513135384,0.0
256.2596253956816,0.0
256.2585994778248,0.0
256.25757355996797,0.0
256.2565476421112,0.0
256.2555217242544,0.0
256.25449580639753,0.0
256.25346988854074,0.0
256.25244397068394,0.0
256.2514180528271,0.0
256.2503921349703,0.0
256.2493662171135,0.0
256.2483402992567,0.0
256.24731438139986,0.0
256.24628846354307,0.0
256.2452625456863,0.0
256.2442366278294,0.0
256.24321070997263,0.0
256.24218479211584,0.0
256.241158874259,0.0
256.2401329564022,0.0
256.23910703854534,0.0
256.23808112068855,0.0
256.2370552028317,0.0
256.2360292849749,0.0
256.2350033671181,0.0
256.2339774492613,0.0
256.23295153140447,0.0
256.2319256135477,0.0
256.2308996956909,0.0
256.22987377783403,0.0
256.22884785997724,0.0
256.22782194212044,0.0
256.2267960242636,0.0
256.2257701064068,0.0
256.22474418855,0.0
256.22371827069315,0.0
256.22269235283636,0.0
256.22166643497957,0.0
256.2206405171227,0.0
256.2196145992659,0.0
256.21858868140913,0.0
256.2175627635523,0.0
256.2165368456955,0.0
256.2155109278387,0.0
256.2144850099819,0.0
256.21345909212505,0.0
256.21243317426826,0.0
256.21140725641146,0.0
256.2103813385546,0.0
256.2093554206978,0.0
256.208329502841,0.0
256.2073035849842,0.0
256.2062776671274,0.0
256.2052517492706,0.0
256.20422583141374,0.0
256.20319991355694,0.0
256.20217399570015,0.0
256.2011480778433,0.0
256.2001221599865,0.0
256.1990962421297,0.0
256.19807032427286,0.0
256.19704440641607,0.0
256.1960184885593,0.0
256.1949925707025,0.0
256.19396665284563,0.0
256.19294073498884,0.0
256.19191481713204,0.0
256.1908888992752,0.0
256.1898629814184,0.0
256.1888370635616,0.0
256.18781114570476,0.0
256.18678522784796,0.0
256.18575930999117,0.0
256.1847333921343,0.0
256.1837074742775,0.0
256.18268155642073,0.0
256.1816556385639,0.0
256.1806297207071,0.0
256.1796038028503,0.0
256.17857788499344,0.0
256.17755196713665,0.0
256.17652604927986,0.0
256.175500131423,0.0
256.1744742135662,0.0
256.17344829570936,0.0
256.17242237785257,0.0
256.1713964599958,0.0
256.1703705421389,0.0
256.16934462428213,0.0
256.16831870642534,0.0
256.1672927885685,0.0
256.1662668707117,0.0
256.1652409528549,0.0
256.16421503499805,0.0
256.16318911714126,0.0
256.16216319928446,0.0
256.16113728142767,0.0
256.1601113635708,0.0
256.159085445714,0.0
256.15805952785723,0.0
256.1570336100004,0.0
256.1560076921436,0.0
256.1549817742868,0.0
256.15395585642995,0.0
256.15292993857315,0.0
256.15190402071636,0.0
256.1508781028595,0.0
256.1498521850027,0.0
256.1488262671459,0.0
256.14780034928907,0.0
256.1467744314323,0.0
256.1457485135755,0.0
256.14472259571863,0.0
256.14369667786184,0.0
256.14267076000505,0.0
256.1416448421482,0.0
256.1406189242914,0.0
256.1395930064346,0.0
256.1385670885778,0.0
256.13754117072097,0.0
256.13651525286417,0.0
256.1354893350074,0.0
256.1344634171505,0.0
256.13343749929373,0.0
256.13241158143694,0.0
256.1313856635801,0.0
256.1303597457233,0.0
256.1293338278665,0.0
256.12830791000965,0.0
256.12728199215286,0.0
256.12625607429607,0.0
256.1252301564392,0.0
256.1242042385824,0.0
256.12317832072563,0.0
256.1221524028688,0.0
256.121126485012,0.0
256.1201005671552,0.0
256.1190746492984,0.0
256.11804873144155,0.0
256.11702281358475,0.0
256.11599689572796,0.0
256.1149709778711,0.0
256.1139450600143,0.0
256.1129191421575,0.0
256.1118932243007,0.0
256.1108673064439,0.0
256.1098413885871,0.0
256.10881547073024,0.0
256.1077895528734,0.0
256.1067636350166,0.0
256.1057377171598,0.0
256.104711799303,0.0
256.10368588144615,0.0
256.10265996358936,0.0
256.10163404573257,0.0
256.1006081278757,0.0
256.0995822100189,0.0
256.09855629216213,0.0
256.0975303743053,0.0
256.0965044564485,0.0
256.0954785385917,0.0
256.09445262073484,0.0
256.09342670287805,0.0
256.09240078502125,0.0
256.0913748671644,0.0
256.0903489493076,0.0
256.0893230314508,0.0
256.08829711359397,0.0
256.0872711957372,0.0
256.0862452778804,0.0
256.0852193600236,0.0
256.08419344216674,0.0
256.08316752430994,0.0
256.08214160645315,0.0
256.0811156885963,0.0
256.0800897707395,0.0
256.0790638528827,0.0
256.07803793502586,0.0
256.07701201716907,0.0
256.0759860993123,0.0
256.0749601814554,0.0
256.07393426359863,0.0
256.07290834574184,0.0
256.071882427885,0.0
256.0708565100282,0.0
256.0698305921714,0.0
256.06880467431455,0.0
256.06777875645776,0.0
256.06675283860096,0.0
256.06572692074417,0.0
256.0647010028873,0.0
256.0636750850305,0.0
256.06264916717373,0.0
256.0616232493169,0.0
256.0605973314601,0.0
256.0595714136033,0.0
256.05854549574644,0.0
256.05751957788965,0.0
256.05649366003286,0.0
256.055467742176,0.0
256.0544418243192,0.0
256.0534159064624,0.0
256.05238998860557,0.0
256.0513640707488,0.0
256.050338152892,0.0
256.04931223503513,0.0
256.04828631717834,0.0
256.04726039932154,0.0
256.0462344814647,0.0
256.0452085636079,0.0
256.0441826457511,0.0
256.0431567278943,0.0
256.04213081003746,0.0
256.0411048921806,0.0
256.0400789743238,0.0
256.039053056467,0.0
256.0380271386102,0.0
256.0370012207534,0.0
256.0359753028966,0.0
256.03494938503974,0.0
256.03392346718294,0.0
256.03289754932615,0.0
256.03187163146936,0.0
256.0308457136125,0.0
256.0298197957557,0.0
256.0287938778989,0.0
256.02776796004207,0.0
256.0267420421853,0.0
256.0257161243285,0.0
256.02469020647163,0.0
256.02366428861484,0.0
256.02263837075805,0.0
256.0216124529012,0.0
256.0205865350444,0.0
256.0195606171876,0.0
256.01853469933076,0.0
256.01750878147396,0.0
256.01648286361717,0.0
256.0154569457603,0.0
256.0144310279035,0.0
256.01340511004673,0.0
256.0123791921899,0.0
256.0113532743331,0.0
256.0103273564763,0.0
256.0093014386195,0.0
256.00827552076265,0.0
256.00724960290586,0.0
256.00622368504906,0.0
256.0051977671922,0.0
256.0041718493354,0.0
>>>>>>> fd72c7f812b0aedd52d4b4d4420b59940e5896c9
